URL,캡차있음,상태
http://ww.enhasusg.co.kr/bbs/write.php?bo_table=free,FALSE,OK
http://copya.co.kr/bbs/write.php?bo_table=free,TRUE,OK
http://www.dwsm.co.kr/bbs/write.php?bo_table=free,TRUE,OK
http://www.gbsa.kr/bbs/write.php?bo_table=free,TRUE,OK
http://uedm.co.kr/bbs/write.php?bo_table=free,TRUE,OK
http://www.one-point.kr/bbs/write.php?bo_table=free,FALSE,OK
http://shop.ororo.co.kr/bbs/write.php?bo_table=free,TRUE,OK
http://carecall.co.kr/bbs/write.php?bo_table=free,TRUE,OK
http://hajepine.com/bbs/write.php?bo_table=free,FALSE,OK
https://infuline.co.kr/bbs/write.php?bo_table=free,TRUE,OK
http://www.busungbio.co.kr/bbs/write.php?bo_table=free,TRUE,OK
http://swoke.co.kr/eng/bbs/write.php?bo_table=free,TRUE,OK
http://xn--vv4bi6jvuj.kr/bbs/write.php?bo_table=free,FALSE,OK
http://woorisusan.kr/bbs/write.php?bo_table=free,FALSE,OK
http://amdkorea.co.kr/bbs/write.php?bo_table=free,FALSE,OK
http://xn--o39akk533b75wnga.kr/bbs/write.php?bo_table=review,TRUE,OK
http://old.remain.co.kr/bbs/write.php?bo_table=free,TRUE,OK
http://www.sosoo.kr/bbs/write.php?bo_table=free,FALSE,TIMEOUT
http://genebiotech.co.kr/bbs/write.php?bo_table=free,TRUE,OK
http://sm.co.kr/bbs/write.php?bo_table=free,FALSE,OK
https://sunbrand.co.kr/bbs/write.php?bo_table=free,TRUE,OK
http://dotank.kr/bbs/write.php?bo_table=free,TRUE,OK
http://signinfo.co.kr/bbs/write.php?bo_table=free,TRUE,OK
http://sefkorea.co.kr/bbs/write.php?bo_table=free,FALSE,OK
http://rudavision.com/bbs/write.php?bo_table=free,FALSE,OK
http://itranslate.kr/bbs/write.php?bo_table=free,FALSE,OK
http://lstelecom.co.kr/bbs/write.php?bo_table=free,FALSE,OK
http://ecgs.gunpo.hs.kr/bbs/write.php?bo_table=free,TRUE,OK
http://ceint.co.kr/bbs/write.php?bo_table=free,TRUE,OK
http://gamgokbiz.co.kr/bbs/write.php?bo_table=free,TRUE,OK
http://green-system.co.kr/bbs/write.php?bo_table=free,FALSE,OK
http://www.mignonmuse.com/bbs/write.php?bo_table=free,TRUE,OK
http://ww.yeosunet.com/bbs/write.php?bo_table=free,TRUE,OK
http://silichem.co.kr/bbs/write.php?bo_table=free,FALSE,OK
http://ch-marine.co.kr/bbs/write.php?bo_table=qna,TRUE,OK
http://inprokorea.com/bbs/write.php?bo_table=free,FALSE,OK
http://blacklife.x-y.net/bbs/write.php?bo_table=free,FALSE,OK
http://jimiantech.com/g5/bbs/write.php?bo_table=w0dace2gxo,FALSE,OK
http://seoulschool.org/bbs/write.php?bo_table=free,TRUE,OK
http://asianmate.kr/bbs/write.php?bo_table=free,FALSE,OK
https://vote114.com/bbs/write.php?bo_table=free,FALSE,OK
http://yjprint.kr/bbs/write.php?bo_table=free,FALSE,OK
http://49.50.172.162/bbs/write.php?bo_table=free,FALSE,OK
https://skht.kr/bbs/write.php?bo_table=free,TRUE,OK
http://ksmart.or.kr/bbs/write.php?bo_table=free,TRUE,OK
http://icfoodseasoning.com/bbs/write.php?bo_table=free,TRUE,OK
http://urikukaksa.com/bbs/write.php?bo_table=free,FALSE,OK
https://www.inzicontrols.net/battery/bbs/write.php?bo_table=qa,TRUE,OK
http://www.joaskin.co.kr/bbs/write.php?bo_table=free,FALSE,OK
https://gpyouhak.com/gpy/bbs/write.php?bo_table=free,FALSE,OK
http://www.tea365.co.kr/bbs/write.php?bo_table=free,FALSE,OK
http://gdnews.co.kr/bbs/write.php?bo_table=free,TRUE,OK
http://cctvss1004.com/bbs/write.php?bo_table=free,FALSE,OK
http://www.xn--2s2b270b.com/bbs/write.php?bo_table=free,TRUE,OK
http://www.jadeleetea.com/bbs/write.php?bo_table=free,FALSE,OK
http://girl.naverme.com/bbs/write.php?bo_table=free,TRUE,OK
http://sangrokfa.com/bbs/write.php?bo_table=free,FALSE,OK
http://cafe5.winnen.co.kr/bbs/write.php?bo_table=free,TRUE,OK
https://www.maumrg.com/bbs/write.php?bo_table=free,TRUE,OK
http://iconeye.co.kr/bbs/write.php?bo_table=free,FALSE,OK
http://www.the.organmagazine.com/bbs/write.php?bo_table=free,FALSE,OK
http://sp11.intipia.co.kr/bbs/write.php?bo_table=free,TRUE,OK
http://mtrc.co.kr/bbs/write.php?bo_table=free,TRUE,OK
http://www.pottomall.com/bbs/write.php?bo_table=free,TRUE,OK
http://xn--910b65k35c6th81c6xf12b0ng64j.com/bbs/write.php?bo_table=free,TRUE,OK
http://dmonster592.dmonster.kr/bbs/write.php?bo_table=qna,TRUE,OK
https://beaunex.net/bbs/write.php?bo_table=free,TRUE,OK
http://www.idksoft.co.kr/bbs/write.php?bo_table=free,TRUE,OK
http://protectakorea.com/g5/bbs/write.php?bo_table=free,TRUE,OK
http://taesungco.net/bbs/write.php?bo_table=free,TRUE,OK
http://www.cdsteel.co.kr/bbs/write.php?bo_table=free,TRUE,OK
http://hncoskin.com/bbs/write.php?bo_table=free,TRUE,OK
http://sungshimsa.co.kr/bbs/write.php?bo_table=free,TRUE,OK
http://es.greenplugesaver.com/bbs/write.php?bo_table=free,TRUE,OK
http://daesung-page.co.kr/bbs/write.php?bo_table=free,FALSE,OK
http://bupdo-icg.com/bbs/write.php?bo_table=free,TRUE,OK
https://fakers.app/bbs/write.php?bo_table=free,TRUE,OK
http://genesisasset.co.kr/bbs/write.php?bo_table=free,TRUE,OK
http://10-day.net/bbs/write.php?bo_table=free,TRUE,OK
http://c.daum7.net/bbs/write.php?bo_table=free,FALSE,TIMEOUT
http://shinhwatooling.co.kr/bbs/write.php?bo_table=free,TRUE,OK
http://bnclogis.net/board/bbs/write.php?bo_table=free,FALSE,OK
http://fact18.com/bbs/write.php?bo_table=free,TRUE,OK
https://seoulthegowoon.com/bbs/write.php?bo_table=free,TRUE,OK
http://woodwell.co.kr/bbs/write.php?bo_table=free,TRUE,OK
http://kdfiredoor.com/bbs/write.php?bo_table=free,TRUE,OK
http://modooclean.co.kr/bbs/write.php?bo_table=consult,FALSE,OK
http://swtco.co.kr/bbs/bbs/write.php?bo_table=free,FALSE,OK
https://kormarines.com/bbs/bbs/write.php?bo_table=free,TRUE,OK
https://www.yogizogi.kr/bbs/write.php?bo_table=free,TRUE,OK
http://hrup.co.kr/bbs/write.php?bo_table=free,TRUE,OK
http://cphan.co.kr/bbs/write.php?bo_table=free,FALSE,OK
https://www.ecornd.co.kr/bbs/write.php?bo_table=free,TRUE,OK
http://chaega.co.kr/bbs/write.php?bo_table=free,TRUE,OK
http://xn--vk1bj3q68rhnc.com/bbs/write.php?bo_table=free,TRUE,OK
https://caroline.edu/bbs/write.php?bo_table=free,FALSE,OK
http://maxes.co.kr/bbs/write.php?bo_table=free,FALSE,OK
http://dfsoft.co.kr/bbs/write.php?bo_table=free,FALSE,OK
http://xn--pu5bll49ruza.com/bbs/write.php?bo_table=free,TRUE,OK
http://www.dongyeon21.com/bbs/write.php?bo_table=free,FALSE,OK
http://company09.giresvenin.gethompy.com/bbs/write.php?bo_table=free,FALSE,OK
http://itranslate.co.kr/bbs/write.php?bo_table=free,FALSE,OK
http://ubeb119.com/bbs/write.php?bo_table=free,FALSE,OK
http://chmj.co.kr/bbs/write.php?bo_table=free,TRUE,OK
http://gyeongshin.co.kr/kscn/bbs/write.php?bo_table=free,TRUE,OK
http://ntriever.subnara.info/bbs/write.php?bo_table=free,FALSE,OK
http://filteri.com/eng/bbs/write.php?bo_table=free,TRUE,OK
http://jinjuhd.co.kr/bbs/write.php?bo_table=free,FALSE,TIMEOUT
http://jsbs.kr/bbs/write.php?bo_table=free,FALSE,OK
https://gurilife.com/bbs/write.php?bo_table=free,TRUE,OK
http://organmagazine.com/bbs/write.php?bo_table=free,FALSE,OK
http://www.s-golflex.kr/main/bbs/write.php?bo_table=free,TRUE,OK
http://jssystems.co.kr/bbs/write.php?bo_table=free,FALSE,TIMEOUT
http://boxad.kr/bbs/write.php?bo_table=free,FALSE,OK
http://www.shinyoungwood.co.kr/bbs/write.php?bo_table=free,FALSE,OK
http://sosoo.kr/bbs/write.php?bo_table=free,FALSE,OK
https://gnu.gagaweb.kr/bizdemo134093/bbs/write.php?bo_table=free,TRUE,OK
http://www.kmelec.com/bbs/write.php?bo_table=free,FALSE,OK
https://dstock.yogizogi.kr/bbs/write.php?bo_table=free,TRUE,OK
https://fromkorea.peoplead.kr/bbs/write.php?bo_table=free,TRUE,OK
http://www.glat.kr/bbs/write.php?bo_table=free,FALSE,OK
http://wizchem.com/bbs/write.php?bo_table=free,FALSE,OK
http://jseltec.com/bbs/write.php?bo_table=free,TRUE,OK
http://sinbiromall.hubweb.net/bbs/write.php?bo_table=free,TRUE,OK
https://didim75.com/bbs/write.php?bo_table=free,FALSE,OK
https://azena.co.nz/bbs/write.php?bo_table=free,TRUE,OK
http://www.toilland.com/bbs/write.php?bo_table=free,FALSE,OK
http://blueheart.or.kr/bbs/write.php?bo_table=free,TRUE,OK
http://kescoop.com/bbs/write.php?bo_table=free,TRUE,OK
http://mjf.xn--hy1b90it0ofnk.com/bbs/write.php?bo_table=free,FALSE,OK
http://rowilab-meta.com/bbs/write.php?bo_table=free,FALSE,OK
http://greenecho.webppia.com/bbs/write.php?bo_table=free,FALSE,OK
http://gmeco.org/bbs/write.php?bo_table=free,TRUE,OK
https://aquasplashlens.com/bbs/write.php?bo_table=free,TRUE,OK
https://uaslaboratory.synology.me/gnu5/bbs/write.php?bo_table=free,TRUE,OK
https://climatelab.snu.ac.kr/bbs/write.php?bo_table=free,TRUE,OK
http://pasarinko.zeroweb.kr/bbs/write.php?bo_table=notice,TRUE,OK
http://thumbs.genesisasset.co.kr/bbs/write.php?bo_table=free,TRUE,OK
https://cng.toyouwel.com/bbs/write.php?bo_table=free,FALSE,TIMEOUT
https://kunjinmotors.com/bbs/write.php?bo_table=free,TRUE,OK
http://xn--oy2b17l86fxrg95g.com/bbs/write.php?bo_table=free,TRUE,OK
https://society01.netpro.co.kr/bbs/write.php?bo_table=free,TRUE,OK
https://blogs.koreaportal.com/bbs/write.php?bo_table=free,TRUE,OK
